"","LakeID","LakeName","Lat","Long","Elodea","SeaplaneBase","SPBaseCity","FAAobjectID","Type","comment","HUC6","Region"
"1","Lk_1","Sixmile Lake",59.984,-154.794,0,"Stlk_23","NONDALTON",999,1,"",190303,"Bristol Bay"
"2","Lk_1015447","<Unknown/Unnamed>",58.664,-156.489,0,"","",NA,2,"",190303,"Bristol Bay"
"3","Lk_1017736","<Unknown/Unnamed>",58.508,-156.949,0,"","",NA,2,"",190303,"Bristol Bay"
"4","Lk_1017897","Big Johnstone Lake",59.976,-148.775,0,"","",NA,2,"",190104,"Gulf"
"5","Lk_1018423","Nenana Municipal Airport Floatpond",64.546,-149.071,0,"Stlk_52","NENANA",999,1,"",190803,"Yukon"
"6","Lk_1018984","<Unknown/Unnamed>",67.082,-163.434,0,"","",NA,2,"",190604,"North Slope"
"7","Lk_1022019","Atigun River",68.166,-149.691,0,"","",NA,2,"",190604,"North Slope"
"8","Lk_1024569","Nugnugaluktuk River",66.198,-163.928,0,"","",NA,2,"",190604,"North Slope"
"9","Lk_1024582","<Unknown/Unnamed>",66.591,-163.97,0,"","",NA,2,"",190604,"North Slope"
"10","Lk_1030012","Lopp Lagoon",65.742,-167.61,0,"","",NA,2,"",190604,"North Slope"
"11","Lk_1031210","Ikpek Lagoon",65.902,-167.05,0,"","",NA,2,"",190604,"North Slope"
"12","Lk_1034942","Kahiltna Glacier",62.583,-151.272,0,"","",NA,2,"",190205,"Cook Inlet"
"13","Lk_1036879","Talkeetna River/Clear Creek Area",62.27,-148.436,0,"","",NA,2,"",190205,"Cook Inlet"
"14","Lk_1039128","Buckland River",66.192,-161.047,0,"","",NA,2,"",190604,"North Slope"
"15","Lk_1039348","<Unknown/Unnamed>",61.409,-151.522,0,"","",NA,2,"",190205,"Cook Inlet"
"16","Lk_1039361","Arolik River",59.533,-161.397,0,"","",NA,2,"",190304,"Kuskokwim"
"17","Lk_1039633","Nushagak River",60.307,-157.304,0,"","",NA,2,"",190303,"Bristol Bay"
"18","Lk_1039634","Kvichak River",59.018,-155.596,0,"Stlk_37","IGIUGIG",999,1,"",190303,"Bristol Bay"
"19","Lk_1039644","Swift River",61.513,-154.508,0,"","",NA,2,"",190304,"Kuskokwim"
"20","Lk_1039676","Naknek River",58.672,-156.661,0,"Stlk_40","KING SALMON",999,1,"",190303,"Bristol Bay"
"21","Lk_1039728","East Fork Chandalar River",67.169,-147.268,0,"","",NA,2,"",190803,"Yukon"
"22","Lk_1039729","Alatna River",67.536,-154.054,0,"","",NA,2,"",190803,"Yukon"
"23","Lk_1039737","Nowitna River",64.523,-154.25,0,"","",NA,2,"",190803,"Yukon"
"24","Lk_1039743","Yukon River",64.731,-156.911,0,"","",NA,2,"",190803,"Yukon"
"25","Lk_1039751","Nanielik Creek",68.017,-158.778,0,"","",NA,2,"",190604,"North Slope"
"26","Lk_1039791","Ivishak River",68.672,-146.996,0,"","",NA,2,"",190604,"North Slope"
"27","Lk_1039832","<Unknown/Unnamed>",68.649,-155.8,0,"","",NA,2,"",190604,"North Slope"
"28","Lk_1039838","Chandler River",69.006,-151.932,0,"","",NA,2,"",190604,"North Slope"
"29","Lk_1039851","<Unknown/Unnamed>",60.233,-144.192,0,"","",NA,2,"",190104,"Gulf"
"30","Lk_1039905","Wind River",68.27,-147.265,0,"","",NA,2,"",190803,"Yukon"
"31","Lk_1039910","Skwentna River",61.96,-151.191,0,"","",NA,2,"",190205,"Cook Inlet"
"32","Lk_1039917","Noatak River",67.136,-162.354,0,"","",NA,2,"",190604,"North Slope"
"33","Lk_1039979","Mulchatna River",60.504,-155.572,0,"","",NA,2,"",190303,"Bristol Bay"
"34","Lk_1040139","Yentna River",61.822,-150.837,0,"","",NA,2,"",190205,"Cook Inlet"
"35","Lk_1040335","Tanana River",64.972,-150.86,1,"","",NA,2,"",190803,"Yukon"
"36","Lk_1040336","Yukon River",65.258,-151.323,0,"","",NA,2,"",190803,"Yukon"
"37","Lk_1040343","Kahiltna River",61.984,-150.749,0,"","",NA,2,"",190205,"Cook Inlet"
"38","Lk_1040484","Little Susitna River",61.627,-149.801,0,"","",NA,2,"",190205,"Cook Inlet"
"39","Lk_1040574","Shishmaref Inlet",66.444,-165.019,0,"","",NA,2,"",190604,"North Slope"
"40","Lk_1040597","Susitna River",61.41,-150.595,0,"","",NA,2,"",190205,"Cook Inlet"
"41","Lk_1040941","<Unknown/Unnamed>",67.487,-150.438,0,"","",NA,2,"",190803,"Yukon"
"42","Lk_1041403","North Fork Chandalar River",67.837,-148.683,0,"","",NA,2,"",190803,"Yukon"
"43","Lk_1041465","<Unknown/Unnamed>",59.738,-154.972,0,"","",NA,2,"",190303,"Bristol Bay"
"44","Lk_1041553","Copper River",62.146,-145.41,0,"","",NA,2,"",190104,"Gulf"
"45","Lk_1041655","Melozitna River",65.616,-153.56,0,"","",NA,2,"",190803,"Yukon"
"46","Lk_1041717","<Unknown/Unnamed>",65.026,-148.26,0,"","",NA,2,"",190803,"Yukon"
"47","Lk_1041726","Togiak River",59.463,-159.773,0,"","",NA,2,"",190303,"Bristol Bay"
"48","Lk_1041802","Yukon River",62.04,-163.335,0,"","",NA,2,"",190803,"Yukon"
"49","Lk_1041830","<Unknown/Unnamed>",59.187,-155.041,0,"","",NA,2,"",190303,"Bristol Bay"
"50","Lk_1041838","Kobuk River",66.771,-155.636,0,"","",NA,2,"",190604,"North Slope"
"51","Lk_1041963","Beaver Creek",65.57,-147.683,0,"","",NA,2,"",190803,"Yukon"
"52","Lk_1041965","Koyukuk River",65.026,-157.341,0,"","",NA,2,"",190803,"Yukon"
"53","Lk_1041985","<Unknown/Unnamed>",66.351,-147.359,0,"","",NA,2,"",190803,"Yukon"
"54","Lk_1042064","Yukon River",65.549,-143.736,0,"","",NA,2,"",190803,"Yukon"
"55","Lk_1042282","Tanana River",64.803,-149.172,1,"","",NA,2,"",190803,"Yukon"
"56","Lk_1042309","Innoko River",63.601,-157.16,0,"","",NA,2,"",190803,"Yukon"
"57","Lk_1042440","Susitna River",61.777,-150.251,0,"","",NA,2,"",190205,"Cook Inlet"
"58","Lk_1042448","<Unknown/Unnamed>",66.528,-141.02,0,"","",NA,2,"",190803,"Yukon"
"59","Lk_1042449","Yukon River",66.051,-148.88,0,"","",NA,2,"",190803,"Yukon"
"60","Lk_1042554","West Fork Susitna River",63.385,-147.541,0,"","",NA,2,"",190205,"Cook Inlet"
"61","Lk_1043384","<Unknown/Unnamed>",67.896,-148.37,0,"","",NA,2,"",190803,"Yukon"
"62","Lk_1043489","Middle Fork Goodnews River",59.295,-161.2,0,"","",NA,2,"",190304,"Kuskokwim"
"63","Lk_1043491","Big River",60.787,-152.261,0,"","",NA,2,"",190205,"Cook Inlet"
"64","Lk_1043504","Glacier River",60.474,-145.413,0,"","",NA,2,"",190104,"Gulf"
"65","Lk_1043506","Holitna River",61.153,-156.629,0,"","",NA,2,"",190304,"Kuskokwim"
"66","Lk_1043628","Colville River",69.033,-154.19,0,"","",NA,2,"",190604,"North Slope"
"67","Lk_1043845","Nenana River",63.465,-148.819,0,"","",NA,2,"",190803,"Yukon"
"68","Lk_1043885","Kelly River",68.084,-162.315,0,"","",NA,2,"",190604,"North Slope"
"69","Lk_1043890","Itkillik River",68.257,-149.995,0,"","",NA,2,"",190604,"North Slope"
"70","Lk_1043905","Kantishna River",64.511,-150.208,0,"","",NA,2,"",190803,"Yukon"
"71","Lk_1043919","Yukon River",63.6,-159.402,0,"","",NA,2,"",190803,"Yukon"
"72","Lk_1044103","Porcupine River",66.731,-144.562,0,"","",NA,2,"",190803,"Yukon"
"73","Lk_1044162","Tanana River",64.568,-148.871,1,"","",NA,2,"",190803,"Yukon"
"74","Lk_1044222","Coghill River",61.077,-147.864,0,"","",NA,2,"",190104,"Gulf"
"75","Lk_1044227","Tanana River",64.858,-151.352,1,"","",NA,2,"",190803,"Yukon"
"76","Lk_1044284","<Unknown/Unnamed>",63.147,-158.734,0,"","",NA,2,"",190803,"Yukon"
"77","Lk_1044302","Moose River",60.55,-150.745,0,"","",NA,2,"",190205,"Cook Inlet"
"78","Lk_1044356","Kroto Creek",61.701,-150.322,0,"","",NA,2,"",190205,"Cook Inlet"
"79","Lk_1044454","Cowpack Inlet",66.414,-165.028,0,"","",NA,2,"",190604,"North Slope"
"80","Lk_1044809","Mcarthur River",60.924,-151.737,0,"","",NA,2,"",190205,"Cook Inlet"
"81","Lk_1044821","<Unknown/Unnamed>",58.995,-154.159,0,"","",NA,2,"",190205,"Cook Inlet"
"82","Lk_1045458","Kobuk River",67.106,-159.752,0,"","",NA,2,"",190604,"North Slope"
"83","Lk_1045459","Koyukuk River",66.906,-151.682,0,"","",NA,2,"",190803,"Yukon"
"84","Lk_1045465","Yukon River",65.044,-153.916,0,"","",NA,2,"",190803,"Yukon"
"85","Lk_1046197","Alexander Creek",61.438,-150.597,0,"","",NA,2,"",190205,"Cook Inlet"
"86","Lk_1046312","Talkeetna River",62.346,-150.036,0,"","",NA,2,"",190205,"Cook Inlet"
"87","Lk_1046335","Lower Kuskokwim River",60.788,-161.737,0,"Stlk_7","BETHEL",60,1,"",190304,"Kuskokwim"
"88","Lk_1047451","Chandalar Shelf",68.044,-149.595,0,"","",NA,2,"",190803,"Yukon"
"89","Lk_1047530","Tinayguk River",67.8,-151.547,0,"","",NA,2,"",190803,"Yukon"
"90","Lk_1047595","Anaktuvuk River",68.117,-151.108,0,"","",NA,2,"",190604,"North Slope"
"91","Lk_1047631","Nimiuktuk River",68.399,-159.861,0,"","",NA,2,"",190604,"North Slope"
"92","Lk_1047791","Middle Fork Chandalar River",68.065,-147.697,0,"","",NA,2,"",190803,"Yukon"
"93","Lk_1056645","North Fork Koyukuk River",67.119,-151.482,0,"","",NA,2,"",190803,"Yukon"
"94","Lk_105733","Teshekpuk Lake",70.554,-153.545,0,"","",NA,2,"",190604,"North Slope"
"95","Lk_1059752","Fountain River",62.887,-149.965,0,"","",NA,2,"",190205,"Cook Inlet"
"96","Lk_10701","Fish Lakes",61.948,-150.961,0,"Stlk_61","SKWENTNA",999,1,"",190205,"Cook Inlet"
"97","Lk_12853","Skilak Glacier Lake",60.288,-150.035,0,"","",NA,2,"",190205,"Cook Inlet"
"98","Lk_13047","Glacial Lake West Of Ruth Glacier",62.86,-150.692,0,"","",NA,2,"",190205,"Cook Inlet"
"99","Lk_13444","Chedatna Lakes",61.25,-150.793,0,"","",NA,2,"",190205,"Cook Inlet"
"100","Lk_136224","<Unknown/Unnamed>",70.927,-155.38,0,"","",NA,2,"",190604,"North Slope"
"101","Lk_139257","Hendrickson Lake",56.956,-158.59,0,"","",NA,2,"",190303,"Bristol Bay"
"102","Lk_142050","Bear Lake",55.996,-160.231,0,"","",NA,2,"",190303,"Bristol Bay"
"103","Lk_14524","Hewitt Lake",62.003,-151.387,0,"","",NA,2,"",190205,"Cook Inlet"
"104","Lk_154951","Buteo Lake",60.755,-150.395,0,"","",NA,2,"",190205,"Cook Inlet"
"105","Lk_155954","Watana Lake",62.724,-148.045,0,"","",NA,2,"",190205,"Cook Inlet"
"106","Lk_156210","Stephan Lake",62.684,-148.918,0,"","",NA,2,"",190205,"Cook Inlet"
"107","Lk_156238","Unnamed Lake Along Prarie Creek Below Stephan Lake",62.675,-148.951,0,"","",NA,2,"",190205,"Cook Inlet"
"108","Lk_156286","<Unknown/Unnamed>",62.548,-148.899,0,"","",NA,2,"",190205,"Cook Inlet"
"109","Lk_156440","Rainbow Lake",62.34,-149.303,0,"","",NA,2,"",190205,"Cook Inlet"
"110","Lk_156682","<Unknown/Unnamed>",62.479,-149.651,0,"","",NA,2,"",190205,"Cook Inlet"
"111","Lk_15670","<Unknown/Unnamed>",61.77,-150.755,0,"","",NA,2,"",190205,"Cook Inlet"
"112","Lk_156708","Sockeye Lake",62.423,-149.789,0,"","",NA,2,"",190205,"Cook Inlet"
"113","Lk_156719","<Unknown/Unnamed>",62.407,-149.637,0,"","",NA,2,"",190205,"Cook Inlet"
"114","Lk_156730","Katie Lake",62.398,-149.831,0,"","",NA,2,"",190205,"Cook Inlet"
"115","Lk_156748","Larson Lake",62.329,-149.9,0,"","",NA,2,"",190205,"Cook Inlet"
"116","Lk_156950","Lake Denali",62.486,-150.331,0,"","",NA,2,"",190205,"Cook Inlet"
"117","Lk_157298","Scotty Lake",62.321,-150.316,0,"","",NA,2,"",190205,"Cook Inlet"
"118","Lk_157309","<Unknown/Unnamed>",62.32,-150.414,0,"","",NA,2,"",190205,"Cook Inlet"
"119","Lk_157319","Christiansen Lake",62.316,-150.063,0,"Stlk_69","TALKEETNA",576,1,"",190205,"Cook Inlet"
"120","Lk_160542","Sardine Can Lake",66.782,-146.672,0,"","",NA,2,"",190803,"Yukon"
"121","Lk_16111","Devil Mountain Lakes",66.396,-164.479,0,"","",NA,2,"",190604,"North Slope"
"122","Lk_161294","Stringo Lakes",67.735,-147.762,0,"","",NA,2,"",190803,"Yukon"
"123","Lk_164684","<Unknown/Unnamed>",62.508,-144.462,0,"","",NA,2,"",190104,"Gulf"
"124","Lk_164970","Long Lake",62.813,-144.189,0,"","",NA,2,"",190104,"Gulf"
"125","Lk_165125","Chelle Lake",62.191,-144.87,0,"","",NA,2,"",190104,"Gulf"
"126","Lk_165540","<Unknown/Unnamed>",62.369,-144.59,0,"","",NA,2,"",190104,"Gulf"
"127","Lk_16661","Chedatna Lakes",61.26,-150.771,0,"","",NA,2,"",190205,"Cook Inlet"
"128","Lk_169744","Unnamed Lake N Of Gakona",62.297,-145.347,0,"Stlk_29","GAKONA",NA,2," nearby private airstrip, but also lake with a plane visible",190104,"Gulf"
"129","Lk_170883","<Unknown/Unnamed>",62.595,-145.099,0,"","",NA,2,"",190104,"Gulf"
"130","Lk_173661","Summit Lake",63.11,-145.53,0,"","",NA,2,"",190104,"Gulf"
"131","Lk_174973","Paxson Lake",62.925,-145.526,0,"","",NA,2,"",190104,"Gulf"
"132","Lk_18979","Chelatna Lake",62.436,-151.41,0,"","",NA,2,"",190205,"Cook Inlet"
"133","Lk_191278","Shannons Pond",59.049,-158.582,0,"Stlk_20","DILLINGHAM",175,1,"",190303,"Bristol Bay"
"134","Lk_193456","Grant Lake",59.808,-158.54,0,"","",NA,2,"",190303,"Bristol Bay"
"135","Lk_1965","Inner Lake George",61.268,-148.535,0,"","",NA,2,"",190204,"Knik Arm"
"136","Lk_19769","Whiskey Lake",61.988,-151.398,0,"","",NA,2,"",190205,"Cook Inlet"
"137","Lk_2","Tikchik Lake",59.929,-158.265,0,"Stlk_71","TIKCHIK NARROWS LODGE",599,1,"",190303,"Bristol Bay"
"138","Lk_200476","Coghill Lake",61.089,-147.831,0,"","",NA,2,"",190104,"Gulf"
"139","Lk_200513","Index Lake",61.805,-147.957,0,"","",NA,2,"",190204,"Knik Arm"
"140","Lk_200550","Rush Lake",61.832,-148.259,0,"Stlk_13","CHICKALOON",999,1,"",190204,"Knik Arm"
"141","Lk_200591","Twentymile Glacier Lake",60.929,-148.795,0,"","",NA,2,"",190205,"Cook Inlet"
"142","Lk_200598","Carmen Lake",60.914,-148.777,0,"","",NA,2,"",190205,"Cook Inlet"
"143","Lk_200709","Eklutna Lake",61.343,-149.005,0,"","",NA,2,"",190204,"Knik Arm"
"144","Lk_200729","<Unknown/Unnamed>",63.346,-146.864,0,"","",NA,2,"",190205,"Cook Inlet"
"145","Lk_200837","Gooding Lake",61.627,-149.24,0,"","",NA,2,"",190204,"Knik Arm"
"146","Lk_200841","Walby Lake",61.617,-149.216,0,"","",NA,2,"",190204,"Knik Arm"
"147","Lk_200880","Swan Lake",61.528,-148.909,0,"","",NA,2,"",190204,"Knik Arm"
"148","Lk_200912","Wolf Lake",61.642,-149.284,0,"Stlk_57","PALMER",999,1,"",190204,"Knik Arm"
"149","Lk_200924","Island Lake",61.632,-149.613,0,"","",NA,2,"",190204,"Knik Arm"
"150","Lk_200940","Anderson Lake",61.619,-149.335,0,"Stlk_75","WASILLA",999,1,"",190204,"Knik Arm"
"151","Lk_200959","Cottonwood Lake",61.597,-149.314,0,"Stlk_76","WASILLA",643,1,"",190204,"Knik Arm"
"152","Lk_200962","Wasilla Lake",61.582,-149.402,0,"Stlk_81","WASILLA",694,1,"",190204,"Knik Arm"
"153","Lk_200986","Reedy Lake",61.539,-149.406,0,"","",NA,2,"",190204,"Knik Arm"
"154","Lk_202090","Grayling Lake",66.883,-150.516,0,"","",NA,2,"",190803,"Yukon"
"155","Lk_202900","Florence Creek Lake",67.15,-150.867,0,"","",NA,2,"",190803,"Yukon"
"156","Lk_203157","<Unknown/Unnamed>",66.279,-151.45,0,"","",NA,2,"",190803,"Yukon"
"157","Lk_203173","<Unknown/Unnamed>",66.262,-151.448,0,"","",NA,2,"",190803,"Yukon"
"158","Lk_204218","<Unknown/Unnamed>",66.444,-151.696,0,"","",NA,2,"",190803,"Yukon"
"159","Lk_205003","Taclodahten Lake",66.306,-151.686,0,"","",NA,2,"",190803,"Yukon"
"160","Lk_206153","<Unknown/Unnamed>",66.576,-151.643,0,"","",NA,2,"",190803,"Yukon"
"161","Lk_206238","Minnkokut Lake",66.564,-151.69,0,"","",NA,2,"",190803,"Yukon"
"162","Lk_211748","<Unknown/Unnamed>",68.051,-147.134,0,"","",NA,2,"",190803,"Yukon"
"163","Lk_211993","<Unknown/Unnamed>",68.402,-148.123,0,"","",NA,2,"",190604,"North Slope"
"164","Lk_212126","Squaw Lake",67.602,-148.199,0,"","",NA,2,"",190803,"Yukon"
"165","Lk_212475","<Unknown/Unnamed>",67.841,-148.248,0,"","",NA,2,"",190803,"Yukon"
"166","Lk_212586","<Unknown/Unnamed>",68.063,-148.44,0,"","",NA,2,"",190803,"Yukon"
"167","Lk_213724","Big Bend Lakes",61.203,-142.265,0,"","",NA,2,"",190104,"Gulf"
"168","Lk_214236","Middle Hanagita Lake",61.193,-143.538,0,"","",NA,2,"",190104,"Gulf"
"169","Lk_214477","Hanagita Lake",61.233,-143.798,0,"","",NA,2,"",190104,"Gulf"
"170","Lk_214675","Strelna Lake",61.5,-144.146,0,"","",NA,2,"",190104,"Gulf"
"171","Lk_214700","Lower Tebay Lake",61.223,-144.217,0,"","",NA,2,"",190104,"Gulf"
"172","Lk_214800","Summit Lake",61.315,-144.192,0,"","",NA,2,"",190104,"Gulf"
"173","Lk_215173","Steamboat Lake",61.02,-144.509,0,"","",NA,2,"",190104,"Gulf"
"174","Lk_215759","Dadina Lake",61.841,-144.791,0,"","",NA,2,"",190104,"Gulf"
"175","Lk_216301","Willow Lake",61.781,-145.17,0,"Stlk_15","COPPER CENTER",999,1,"",190104,"Gulf"
"176","Lk_217980","Mud Lake",62.127,-145.928,0,"","",NA,2,"",190104,"Gulf"
"177","Lk_218280","<Unknown/Unnamed>",62.42,-145.969,0,"","",NA,2,"",190104,"Gulf"
"178","Lk_221639","Kaina Lake",61.838,-146.199,0,"","",NA,2,"",190104,"Gulf"
"179","Lk_222545","Tolsona Lake",62.112,-146.048,0,"Stlk_31","GLENNALLEN",607,1,"",190104,"Gulf"
"180","Lk_227491","Kelly Lake",62.164,-146.995,0,"","",NA,2,"",190104,"Gulf"
"181","Lk_227936","Nickoli Lake",62.066,-146.588,0,"","",NA,2,"",190104,"Gulf"
"182","Lk_228224","Lake Louise",62.307,-146.58,0,"","",NA,2,"",190205,"Cook Inlet"
"183","Lk_230576","Ellsworth Glacier Lake",60.092,-149.013,0,"","",NA,2,"",190104,"Gulf"
"184","Lk_230606","Lower Paradise Lake",60.344,-149.077,0,"","",NA,2,"",190205,"Cook Inlet"
"185","Lk_230655","Spencer Glacier Lake",60.693,-149.021,0,"","",NA,2,"",190205,"Cook Inlet"
"186","Lk_230802","Crescent Lake",60.45,-149.487,0,"","",NA,2,"",190205,"Cook Inlet"
"187","Lk_230871","Bear Lake",60.197,-149.356,0,"","",NA,2,"",190104,"Gulf"
"188","Lk_230928","Lost Lake",60.265,-149.428,0,"","",NA,2,"",190104,"Gulf"
"189","Lk_230977","Summit Lake",60.629,-149.509,0,"","",NA,2,"",190205,"Cook Inlet"
"190","Lk_231096","Upper Russian Lake",60.341,-149.882,0,"","",NA,2,"",190205,"Cook Inlet"
"191","Lk_231161","Swan Lake",60.632,-149.883,0,"","",NA,2,"",190205,"Cook Inlet"
"192","Lk_231177","Juneau Lake",60.577,-149.878,0,"","",NA,2,"",190205,"Cook Inlet"
"193","Lk_231181","Trout Lake",60.555,-149.912,0,"","",NA,2,"",190205,"Cook Inlet"
"194","Lk_231384","Twin Lakes",60.28,-150.163,0,"","",NA,2,"",190205,"Cook Inlet"
"195","Lk_231385","Twin Lakes",60.279,-150.149,0,"","",NA,2,"",190205,"Cook Inlet"
"196","Lk_231793","Barbara Lake",60.848,-150.233,0,"","",NA,2,"",190205,"Cook Inlet"
"197","Lk_231875","<Unknown/Unnamed>",60.822,-150.346,0,"","",NA,2,"",190205,"Cook Inlet"
"198","Lk_231940","Trapper Joe Lake",60.759,-150.076,0,"","",NA,2,"",190205,"Cook Inlet"
"199","Lk_231952","Browns Lake",60.487,-150.715,0,"","",NA,2,"",190205,"Cook Inlet"
"200","Lk_232175","Birch Lake",60.726,-150.526,0,"","",NA,2,"",190205,"Cook Inlet"
"201","Lk_232546","Vogel Lake",60.989,-150.43,0,"","",NA,2,"",190205,"Cook Inlet"
"202","Lk_232720","Phalarope Lake",60.919,-150.403,0,"","",NA,2,"",190205,"Cook Inlet"
"203","Lk_233573","Headquarters Lake",60.459,-151.065,0,"Stlk_64","SOLDOTNA",999,1,"",190205,"Cook Inlet"
"204","Lk_233704","Bay Lake",60.332,-151.029,0,"","",NA,2,"",190205,"Cook Inlet"
"205","Lk_233746","Plover Lake",60.725,-151.045,0,"","",NA,2,"",190205,"Cook Inlet"
"206","Lk_233947","Akula Lake",60.682,-151.035,0,"","",NA,2,"",190205,"Cook Inlet"
"207","Lk_234052","Beaver Lake",60.656,-150.981,0,"","",NA,2,"",190205,"Cook Inlet"
"208","Lk_234186","Middle Finger Lake",60.639,-150.903,0,"","",NA,2,"",190205,"Cook Inlet"
"209","Lk_234188","East Finger Lake",60.649,-150.881,0,"","",NA,2,"",190205,"Cook Inlet"
"210","Lk_234440","Stormy Lake",60.776,-151.055,1,"","",NA,2,"",190205,"Cook Inlet"
"211","Lk_234538","Spirit Lake",60.595,-150.997,0,"","",NA,2,"",190205,"Cook Inlet"
"212","Lk_234547","Donkey Lake",60.593,-150.928,0,"","",NA,2,"",190205,"Cook Inlet"
"213","Lk_234580","Sunken Island Lake",60.594,-150.882,0,"","",NA,2,"",190205,"Cook Inlet"
"214","Lk_234751","Mackeys Lakes",60.525,-151.008,0,"","",NA,2,"",190205,"Cook Inlet"
"215","Lk_234752","Mackey's Lakes",60.534,-150.996,0,"Stlk_65","SOLDOTNA",541,1,"",190205,"Cook Inlet"
"216","Lk_234761","Scout Lake",60.533,-150.844,0,"Stlk_68","STERLING",999,1,"",190205,"Cook Inlet"
"217","Lk_234965","<Unknown/Unnamed>",60.253,-151.305,0,"","",NA,2,"",190205,"Cook Inlet"
"218","Lk_235112","<Unknown/Unnamed>",60.705,-151.239,0,"","",NA,2,"",190205,"Cook Inlet"
"219","Lk_235171","Daniels Lake",60.733,-151.189,1,"","",NA,2,"",190205,"Cook Inlet"
"220","Lk_235193","Beck Lake",60.73,-151.133,1,"","",NA,2,"",190205,"Cook Inlet"
"221","Lk_235205","Salamatof Lake",60.643,-151.305,0,"Stlk_53","NIKISKI",999,1,"also known as ARNESS LAKE? As indicated by respondent",190205,"Cook Inlet"
"222","Lk_235209","Kenai Float Pond",60.573,-151.252,0,"Stlk_39","KENAI",999,1,"",190205,"Cook Inlet"
"223","Lk_236732","<Unknown/Unnamed>",58.731,-159.298,0,"","",NA,2,"",190303,"Bristol Bay"
"224","Lk_23684","Chedatna Lakes",61.296,-150.748,0,"","",NA,2,"",190205,"Cook Inlet"
"225","Lk_239009","Amanka Lake",59.086,-159.161,0,"","",NA,2,"",190303,"Bristol Bay"
"226","Lk_241373","<Unknown/Unnamed>",65.255,-148.717,0,"","",NA,2,"",190803,"Yukon"
"227","Lk_24192","Fish Lakes",61.97,-150.961,0,"","",NA,2,"",190205,"Cook Inlet"
"228","Lk_242290","Sussaymin Lakes",66.178,-149.58,0,"","",NA,2,"",190803,"Yukon"
"229","Lk_243061","Sithylemenkat Lake",66.122,-151.391,0,"","",NA,2,"",190803,"Yukon"
"230","Lk_243523","Deadwood Lake",60.441,-144.259,0,"","",NA,2,"",190104,"Gulf"
"231","Lk_243538","Lake Charlotte",60.429,-144.19,0,"","",NA,2,"",190104,"Gulf"
"232","Lk_243552","Lake Tokun",60.409,-144.307,0,"","",NA,2,"",190104,"Gulf"
"233","Lk_243556","Kushtaka Lake",60.38,-144.117,0,"","",NA,2,"",190104,"Gulf"
"234","Lk_243597","Bering Lake",60.298,-144.316,1,"","",NA,2,"",190104,"Gulf"
"235","Lk_243881","Martin Lake",60.369,-144.561,1,"","",NA,2,"",190104,"Gulf"
"236","Lk_244600","<Unknown/Unnamed>",61.018,-144.831,0,"","",NA,2,"",190104,"Gulf"
"237","Lk_244632","Mckinley Lake",60.462,-145.187,1,"","",NA,2,"",190104,"Gulf"
"238","Lk_246383","Robe Lake",61.087,-146.129,0,"Stlk_74","VALDEZ",628,1,"",190104,"Gulf"
"239","Lk_248272","Tundra Lake",61.21,-155.725,0,"","",NA,2,"",190304,"Kuskokwim"
"240","Lk_250245","Big Lake",61.614,-156.858,0,"","",NA,2,"",190304,"Kuskokwim"
"241","Lk_251589","Nishlik Lake",60.466,-158.92,0,"","",NA,2,"",190303,"Bristol Bay"
"242","Lk_254032","<Unknown/Unnamed>",65.223,-156.597,0,"","",NA,2,"",190803,"Yukon"
"243","Lk_254656","Teethcanoe Lake",65.391,-156.544,0,"","",NA,2,"",190803,"Yukon"
"244","Lk_25792","Tustumena Lake",60.221,-150.969,0,"","",NA,2,"",190205,"Cook Inlet"
"245","Lk_258658","<Unknown/Unnamed>",64.794,-157.612,0,"","",NA,2,"",190803,"Yukon"
"246","Lk_25891","Iliamna Lake",59.476,-154.55,0,"Stlk_58","PEDRO BAY",999,1,"",190303,"Bristol Bay"
"247","Lk_25913","Skilak Lake",60.429,-150.205,0,"","",NA,2,"",190205,"Cook Inlet"
"248","Lk_25919","Chandalar Lake",67.478,-148.637,0,"","",NA,2,"",190803,"Yukon"
"249","Lk_25922","Twin Lakes",67.522,-149.074,0,"","",NA,2,"",190803,"Yukon"
"250","Lk_25923","Bob Johnson Lake",67.494,-149.391,0,"","",NA,2,"",190803,"Yukon"
"251","Lk_25959","Kaldolyeit Lake",66.321,-151.994,0,"","",NA,2,"",190803,"Yukon"
"252","Lk_25963","Unnamed Floatpond In Bettles",66.883,-151.488,0,"Stlk_9","BETTLES",999,1,"",190803,"Yukon"
"253","Lk_25966","Fish Creek Lake",66.59,-151.476,0,"","",NA,2,"",190803,"Yukon"
"254","Lk_25984","<Unknown/Unnamed>",67.748,-148.275,0,"","",NA,2,"",190803,"Yukon"
"255","Lk_26007","Long Lake",61.383,-143.289,0,"Stlk_48","MCCARTHY",999,1,"",190104,"Gulf"
"256","Lk_26012","Upper Tebay Lake",61.185,-144.347,0,"","",NA,2,"",190104,"Gulf"
"257","Lk_26016","<Unknown/Unnamed>",61.039,-144.735,0,"","",NA,2,"",190104,"Gulf"
"258","Lk_260444","Kuzitrin Lake",65.385,-163.232,0,"","",NA,2,"",190803,"Yukon"
"259","Lk_260613","Imuruk Lake",65.595,-163.201,0,"","",NA,2,"",190604,"North Slope"
"260","Lk_26064","Crosswind Lake",62.313,-146.011,0,"","",NA,2,"",190104,"Gulf"
"261","Lk_26075","Klutina Lake",61.681,-145.975,0,"","",NA,2,"",190104,"Gulf"
"262","Lk_26137","Tazlina Lake",61.878,-146.503,0,"","",NA,2,"",190104,"Gulf"
"263","Lk_26200","Whitefish Lake",60.949,-154.836,0,"","",NA,2,"",190304,"Kuskokwim"
"264","Lk_26201","Half Cabin Lake",60.814,-154.88,0,"","",NA,2,"",190303,"Bristol Bay"
"265","Lk_26261","Fish Lake",62.248,-150.06,0,"Stlk_70","TALKEETNA",999,1,"",190205,"Cook Inlet"
"266","Lk_26263","Trapper Lake",61.976,-150.224,0,"Stlk_47","MATSU",999,1,"",190205,"Cook Inlet"
"267","Lk_26265","<Unknown/Unnamed>",61.284,-150.393,0,"","",NA,2,"",190205,"Cook Inlet"
"268","Lk_26266","Willow Lake",61.741,-150.058,0,"Stlk_16","WILLOW",999,1,"",190205,"Cook Inlet"
"269","Lk_26273","<Unknown/Unnamed>",61.995,-150.476,0,"","",NA,2,"",190205,"Cook Inlet"
"270","Lk_26281","Neil Lake",61.931,-150.382,0,"","",NA,2,"",190205,"Cook Inlet"
"271","Lk_26283","Nancy Lake",61.687,-150.01,0,"","",NA,2,"",190205,"Cook Inlet"
"272","Lk_26289","Diamond Lake",61.503,-150.025,0,"","",NA,2,"",190205,"Cook Inlet"
"273","Lk_26291","Piper Lake",61.502,-150.166,0,"","",NA,2,"",190205,"Cook Inlet"
"274","Lk_26377","<Unknown/Unnamed>",66.243,-146.394,0,"","",NA,2,"",190803,"Yukon"
"275","Lk_26457","Walker Lake",67.063,-154.311,0,"","",NA,2,"",190604,"North Slope"
"276","Lk_26458","Nutuvukti Lake",66.967,-154.663,0,"","",NA,2,"",190604,"North Slope"
"277","Lk_268","Big Lake",61.536,-149.864,1,"Stlk_10","BIG LAKE",999,1,"",190204,"Knik Arm"
"278","Lk_26805","<Unknown/Unnamed>",60.385,-146.253,0,"","",NA,2,"",190104,"Gulf"
"279","Lk_272687","Killeak Lakes",66.373,-164.051,0,"","",NA,2,"",190604,"North Slope"
"280","Lk_272720","Killeak Lakes",66.328,-164.12,0,"","",NA,2,"",190604,"North Slope"
"281","Lk_272724","<Unknown/Unnamed>",66.342,-164.016,0,"","",NA,2,"",190604,"North Slope"
"282","Lk_274175","White Fish Lake",66.376,-164.752,0,"","",NA,2,"",190604,"North Slope"
"283","Lk_27448","Chandler Lake",68.238,-152.692,0,"","",NA,2,"",190604,"North Slope"
"284","Lk_27467","Ernie Lake",67.389,-152.987,0,"","",NA,2,"",190803,"Yukon"
"285","Lk_274863","Lake Isiak",67.717,-156.139,0,"","",NA,2,"",190604,"North Slope"
"286","Lk_27488","Jatahmund Lake",62.622,-142.021,0,"","",NA,2,"",190803,"Yukon"
"287","Lk_27542","Kukaklek Lake",59.178,-155.35,0,"","",NA,2,"",190303,"Bristol Bay"
"288","Lk_27553","Nonvianuk Lake",58.982,-155.125,0,"Stlk_46","KULIK LODGE",999,1,"",190303,"Bristol Bay"
"289","Lk_27682","Caribou Lake",59.906,-151.068,0,"","",NA,2,"",190205,"Cook Inlet"
"290","Lk_277042","<Unknown/Unnamed>",66.923,-157.624,0,"","",NA,2,"",190604,"North Slope"
"291","Lk_277069","<Unknown/Unnamed>",66.922,-157.734,0,"","",NA,2,"",190604,"North Slope"
"292","Lk_27708","China Poot Lake",59.544,-151.207,0,"","",NA,2,"",190205,"Cook Inlet"
"293","Lk_27744","Beluga Lake",59.646,-151.5,0,"Stlk_34","HOMER",999,1,"",190205,"Cook Inlet"
"294","Lk_27783","Mankomen Lake",63,-144.541,0,"","",NA,2,"",190104,"Gulf"
"295","Lk_27886","Longmere Lake",60.503,-150.91,0,"Stlk_67","STERLING",999,1,"",190205,"Cook Inlet"
"296","Lk_27892","Wilderness Lake",60.826,-150.368,0,"","",NA,2,"",190205,"Cook Inlet"
"297","Lk_27907","Kenai Lake",60.424,-149.677,0,"","",NA,2,"",190205,"Cook Inlet"
"298","Lk_27911","Johnson Lake",60.603,-149.253,0,"","",NA,2,"",190205,"Cook Inlet"
"299","Lk_27918","Grant Lake",60.474,-149.231,0,"","",NA,2,"",190205,"Cook Inlet"
"300","Lk_27923","Upper Trail Lake",60.513,-149.37,0,"","",NA,2,"",190205,"Cook Inlet"
"301","Lk_27984","Lost Lake",61.336,-149.994,0,"","",NA,2,"",190204,"Knik Arm"
"302","Lk_28035","Lake Mansfield",63.473,-143.409,0,"","",NA,2,"",190803,"Yukon"
"303","Lk_28060","<Unknown/Unnamed>",63.22,-148.488,0,"","",NA,2,"",190803,"Yukon"
"304","Lk_28080","Tukallah Lake",61.143,-151.127,0,"","",NA,2,"",190205,"Cook Inlet"
"305","Lk_28099","Beluga Lake",61.411,-151.508,0,"","",NA,2,"",190205,"Cook Inlet"
"306","Lk_28130","Bunitlana Lake",60.872,-151.867,0,"","",NA,2,"",190205,"Cook Inlet"
"307","Lk_28135","Crescent Lake",60.357,-152.881,0,"","",NA,2,"",190205,"Cook Inlet"
"308","Lk_28136","Ch'Akajabena Lake",61.196,-152.757,0,"","",NA,2,"",190205,"Cook Inlet"
"309","Lk_28137","Telaquana Lake",60.944,-153.773,0,"","",NA,2,"",190304,"Kuskokwim"
"310","Lk_28138","Two Lakes",61.121,-153.789,0,"","",NA,2,"",190304,"Kuskokwim"
"311","Lk_28151","Kakhonak Lake",59.487,-154.187,0,"","",NA,2,"",190303,"Bristol Bay"
"312","Lk_28186","Kulik Lake",58.982,-155.093,0,"","",NA,2,"",190303,"Bristol Bay"
"313","Lk_28196","Battle Lake",59.072,-154.924,0,"","",NA,2,"",190303,"Bristol Bay"
"314","Lk_282005","Feniak Lake",68.229,-158.291,0,"","",NA,2,"",190604,"North Slope"
"315","Lk_282279","Desperation Lake",68.331,-158.746,0,"","",NA,2,"",190604,"North Slope"
"316","Lk_282881","Lake Kangilipak",68.001,-159.182,0,"","",NA,2,"",190604,"North Slope"
"317","Lk_283232","<Unknown/Unnamed>",68.372,-159.931,0,"","",NA,2,"",190604,"North Slope"
"318","Lk_283953","Tulugak Lake",67.97,-161.689,0,"","",NA,2,"",190604,"North Slope"
"319","Lk_285411","<Unknown/Unnamed>",61.123,-149.534,0,"","",NA,2,"",190204,"Knik Arm"
"320","Lk_285505","Lake Hood/Lake Spenard",61.18,-149.971,1,"Stlk_3","ANCHORAGE",29,1,"",190204,"Knik Arm"
"321","Lk_285522","Sand Lake",61.152,-149.96,1,"Stlk_4","ANCHORAGE",999,1,"",190204,"Knik Arm"
"322","Lk_285523","Strawberry Lake",61.153,-149.911,0,"","",NA,2,"",190204,"Knik Arm"
"323","Lk_285531","Campbell Lake",61.132,-149.93,0,"Stlk_2","ANCHORAGE",24,1,"",190204,"Knik Arm"
"324","Lk_285567","Sevenmile Lake",61.46,-149.948,0,"","",NA,2,"",190204,"Knik Arm"
"325","Lk_285875","Ualik Lake",59.095,-159.441,0,"","",NA,2,"",190303,"Bristol Bay"
"326","Lk_28592","Healy Lake",63.977,-144.757,0,"","",NA,2,"",190803,"Yukon"
"327","Lk_28593","Lake George",63.778,-144.557,0,"","",NA,2,"",190803,"Yukon"
"328","Lk_28597","<Unknown/Unnamed>",64.943,-149.005,0,"","",NA,2,"",190803,"Yukon"
"329","Lk_286055","Togiak Lake",59.548,-159.67,0,"","",NA,2,"",190303,"Bristol Bay"
"330","Lk_28617","<Unknown/Unnamed>",64.999,-149.725,0,"","",NA,2,"",190803,"Yukon"
"331","Lk_28624","Iksgiza Lake",64.753,-150.23,0,"","",NA,2,"",190803,"Yukon"
"332","Lk_28625","Kindanina Lake",64.753,-150.465,0,"","",NA,2,"",190803,"Yukon"
"333","Lk_286348","Heart Lake",60.1,-159.657,0,"","",NA,2,"",190303,"Bristol Bay"
"334","Lk_286803","Negukthlik River",59.135,-160.082,0,"","",NA,2,"",190303,"Bristol Bay"
"335","Lk_287355","Pungokepuk Lake",59.312,-159.879,0,"","",NA,2,"",190303,"Bristol Bay"
"336","Lk_28858","Big Ram Lake",67.978,-146.959,0,"","",NA,2,"",190803,"Yukon"
"337","Lk_28979","Upper Tazimina Lake",60.054,-154.138,0,"","",NA,2,"",190303,"Bristol Bay"
"338","Lk_28983","Little Lake Clark",60.411,-153.682,0,"","",NA,2,"",190303,"Bristol Bay"
"339","Lk_28985","Twin Lakes",60.637,-153.958,0,"","",NA,2,"",190303,"Bristol Bay"
"340","Lk_28990","Kontrashibuna Lake",60.179,-154.204,0,"","",NA,2,"",190303,"Bristol Bay"
"341","Lk_28995","Lake Clark",60.388,-153.856,0,"Stlk_60","PORT ALSWORTH",999,1,"",190303,"Bristol Bay"
"342","Lk_28997","Lower Tazimina Lake",59.997,-154.468,0,"","",NA,2,"",190303,"Bristol Bay"
"343","Lk_290136","Gechiak Lake",59.395,-160.376,0,"","",NA,2,"",190303,"Bristol Bay"
"344","Lk_290181","Kukaktlim Lake",59.344,-160.474,0,"","",NA,2,"",190304,"Kuskokwim"
"345","Lk_290428","Kanuktik Lake",59.713,-160.305,0,"","",NA,2,"",190304,"Kuskokwim"
"346","Lk_29077","Eshamy Lake",60.452,-148.114,0,"","",NA,2,"",190104,"Gulf"
"347","Lk_29086","<Unknown/Unnamed>",59.244,-150.956,0,"","",NA,2,"",190104,"Gulf"
"348","Lk_291108","Goodnews Lake",59.491,-160.549,0,"","",NA,2,"",190304,"Kuskokwim"
"349","Lk_29133","Fog Lakes",62.785,-148.484,0,"","",NA,2,"",190205,"Cook Inlet"
"350","Lk_29227","Fish Lake",63.228,-146.002,0,"","",NA,2,"",190803,"Yukon"
"351","Lk_29230","Upper Tangle Lake",62.988,-146.054,0,"","",NA,2,"",190803,"Yukon"
"352","Lk_29447","Lake Off Chimney Fork/Chimney Pass",67.763,-150.497,0,"","",NA,2,"",190803,"Yukon"
"353","Lk_29454","Wild Lake",67.495,-151.577,0,"","",NA,2,"",190803,"Yukon"
"354","Lk_29468","Lake Coville",58.798,-155.666,0,"","",NA,2,"",190303,"Bristol Bay"
"355","Lk_297125","Old John Lake",68.054,-145.029,0,"","",NA,2,"",190803,"Yukon"
"356","Lk_297724","Hospital Lake",66.574,-145.246,0,"","",NA,2,"",190803,"Yukon"
"357","Lk_298915","Loon Lake",68.115,-145.559,0,"","",NA,2,"",190803,"Yukon"
"358","Lk_29945","Lake Narvakrak",67.997,-161.727,0,"","",NA,2,"",190604,"North Slope"
"359","Lk_29988","Chikuminuk Lake",60.232,-158.947,0,"","",NA,2,"",190303,"Bristol Bay"
"360","Lk_29991","Lake Chauekuktuli",60.037,-158.963,0,"","",NA,2,"",190303,"Bristol Bay"
"361","Lk_29993","Upnuk Lake",60.358,-158.894,0,"","",NA,2,"",190303,"Bristol Bay"
"362","Lk_29994","Kisaralik Lake",60.318,-159.348,0,"","",NA,2,"",190304,"Kuskokwim"
"363","Lk_300641","<Unknown/Unnamed>",63.635,-143.433,0,"","",NA,2,"",190803,"Yukon"
"364","Lk_300708","Moon Lake",63.377,-143.546,0,"","",NA,2,"",190803,"Yukon"
"365","Lk_301101","T Lake",63.798,-143.88,0,"","",NA,2,"",190803,"Yukon"
"366","Lk_301491","<Unknown/Unnamed>",63.487,-147.849,0,"","",NA,2,"",190803,"Yukon"
"367","Lk_301653","Butte Lake",63.193,-147.85,0,"","",NA,2,"",190205,"Cook Inlet"
"368","Lk_302803","Deadman Lake",63.008,-148.248,0,"","",NA,2,"",190205,"Cook Inlet"
"369","Lk_303192","<Unknown/Unnamed>",63.265,-148.143,0,"","",NA,2,"",190803,"Yukon"
"370","Lk_30328","Lake Brooks",58.493,-156.002,0,"","",NA,2,"",190303,"Bristol Bay"
"371","Lk_303328","<Unknown/Unnamed>",63.239,-148.795,0,"","",NA,2,"",190803,"Yukon"
"372","Lk_30343","Krusenstern Lagoon",67.136,-163.6,0,"","",NA,2,"",190604,"North Slope"
"373","Lk_30345","Upper Ugashik Lake",57.612,-156.713,0,"","",NA,2,"",190303,"Bristol Bay"
"374","Lk_30476","Mother Goose Lake",57.185,-157.284,0,"","",NA,2,"",190303,"Bristol Bay"
"375","Lk_304928","Dune Lake",64.421,-149.895,0,"","",NA,2,"",190803,"Yukon"
"376","Lk_305274","Black Bear Lake",64.652,-149.862,0,"","",NA,2,"",190803,"Yukon"
"377","Lk_305276","<Unknown/Unnamed>",64.666,-149.822,0,"","",NA,2,"",190803,"Yukon"
"378","Lk_312438","Seeley Lake",61.219,-150.903,0,"","",NA,2,"",190205,"Cook Inlet"
"379","Lk_312858","Sucker Lake",61.655,-150.899,1,"","",NA,2,"",190205,"Cook Inlet"
"380","Lk_312869","Trail Lake",61.624,-150.76,0,"Stlk_50","MOOSE PASS",999,1,"",190205,"Cook Inlet"
"381","Lk_313290","Congahbuna Lake",61.078,-151.416,0,"","",NA,2,"",190205,"Cook Inlet"
"382","Lk_313356","Kaldachabuna Lake",61.051,-151.223,0,"","",NA,2,"",190205,"Cook Inlet"
"383","Lk_313680","Lower Beluga Lake",61.348,-151.342,0,"","",NA,2,"",190205,"Cook Inlet"
"384","Lk_313812","Felt Lake",61.255,-151.297,0,"","",NA,2,"",190205,"Cook Inlet"
"385","Lk_313839","Hiline Lake",61.735,-151.385,0,"Stlk_62","SKWENTNA",999,1,"",190205,"Cook Inlet"
"386","Lk_313877","Movie Lake",61.625,-151.45,0,"","",NA,2,"",190205,"Cook Inlet"
"387","Lk_313882","Trinity Lake",61.59,-151.443,0,"","",NA,2,"",190205,"Cook Inlet"
"388","Lk_314427","Coal Creek Lake",61.489,-151.545,0,"","",NA,2,"",190205,"Cook Inlet"
"389","Lk_314841","Judd Lake",61.567,-151.55,0,"","",NA,2,"",190205,"Cook Inlet"
"390","Lk_315243","<Unknown/Unnamed>",60.783,-151.879,0,"","",NA,2,"",190205,"Cook Inlet"
"391","Lk_315246","<Unknown/Unnamed>",60.789,-151.893,0,"","",NA,2,"",190205,"Cook Inlet"
"392","Lk_315251","<Unknown/Unnamed>",60.782,-151.933,0,"","",NA,2,"",190205,"Cook Inlet"
"393","Lk_315348","<Unknown/Unnamed>",61.03,-152.126,0,"","",NA,2,"",190205,"Cook Inlet"
"394","Lk_315629","Double Glacier Big River Lake",60.682,-152.396,0,"","",NA,2,"",190205,"Cook Inlet"
"395","Lk_315714","<Unknown/Unnamed>",60.578,-152.357,0,"","",NA,2,"",190205,"Cook Inlet"
"396","Lk_315787","Big River Lakes",60.802,-152.272,0,"","",NA,2,"",190205,"Cook Inlet"
"397","Lk_315798","Big River Lakes",60.786,-152.324,0,"","",NA,2,"",190205,"Cook Inlet"
"398","Lk_315915","Summit Lake",60.791,-152.791,0,"","",NA,2,"",190205,"Cook Inlet"
"399","Lk_322040","<Unknown/Unnamed>",60.138,-157.472,0,"","",NA,2,"",190303,"Bristol Bay"
"400","Lk_324260","Aniak Lake",60.473,-159.176,0,"","",NA,2,"",190304,"Kuskokwim"
"401","Lk_340818","Mirror Lake",59.237,-154.761,0,"","",NA,2,"",190303,"Bristol Bay"
"402","Lk_341771","Gibraltar Lake",59.357,-154.71,0,"","",NA,2,"",190303,"Bristol Bay"
"403","Lk_342448","Emerald Lake",59.306,-154.718,0,"","",NA,2,"",190303,"Bristol Bay"
"404","Lk_342878","<Unknown/Unnamed>",64.423,-151.268,0,"","",NA,2,"",190803,"Yukon"
"405","Lk_342909","<Unknown/Unnamed>",64.393,-151.133,0,"","",NA,2,"",190803,"Yukon"
"406","Lk_345919","Amos Lakes",62.854,-152.622,0,"","",NA,2,"",190304,"Kuskokwim"
"407","Lk_346221","Haynes Lake",63.022,-152.791,0,"","",NA,2,"",190304,"Kuskokwim"
"408","Lk_346729","Big Lake",63.528,-152.521,0,"","",NA,2,"",190304,"Kuskokwim"
"409","Lk_34840","Lake Nerka",59.562,-158.781,0,"","",NA,2,"",190303,"Bristol Bay"
"410","Lk_34841","Lake Aleknagik",59.292,-158.676,0,"Stlk_1","ALEKNAGIK",9,1,"",190303,"Bristol Bay"
"411","Lk_34846","Lake Kulik",59.795,-158.78,0,"","",NA,2,"",190303,"Bristol Bay"
"412","Lk_34848","Lake Beverley",59.615,-158.546,0,"","",NA,2,"",190303,"Bristol Bay"
"413","Lk_34859","Lake Nunavaugaluk",59.264,-158.929,0,"","",NA,2,"",190303,"Bristol Bay"
"414","Lk_34869","Mikchalk Lake",59.745,-158.868,0,"","",NA,2,"",190303,"Bristol Bay"
"415","Lk_34909","Nuyakuk Lake",59.904,-158.91,0,"","",NA,2,"",190303,"Bristol Bay"
"416","Lk_352031","Graphite Lake",67.044,-143.407,0,"","",NA,2,"",190803,"Yukon"
"417","Lk_353275","<Unknown/Unnamed>",68.436,-143.969,0,"","",NA,2,"",190803,"Yukon"
"418","Lk_355980","Big Fish Lake",67.922,-144.106,0,"","",NA,2,"",190803,"Yukon"
"419","Lk_356268","<Unknown/Unnamed>",68.429,-144.24,0,"","",NA,2,"",190803,"Yukon"
"420","Lk_356459","<Unknown/Unnamed>",68.313,-144.254,0,"","",NA,2,"",190803,"Yukon"
"421","Lk_356553","<Unknown/Unnamed>",68.685,-144.427,0,"","",NA,2,"",190803,"Yukon"
"422","Lk_356956","<Unknown/Unnamed>",66.183,-151.719,0,"","",NA,2,"",190803,"Yukon"
"423","Lk_357057","Kanuti Lake",66.175,-151.75,0,"Stlk_83","YUKON-KOYUKUK",999,1,"",190803,"Yukon"
"424","Lk_357533","<Unknown/Unnamed>",66.208,-152.204,0,"","",NA,2,"",190803,"Yukon"
"425","Lk_357796","<Unknown/Unnamed>",66.14,-152.128,0,"","",NA,2,"",190803,"Yukon"
"426","Lk_358242","<Unknown/Unnamed>",66.44,-152.206,0,"","",NA,2,"",190803,"Yukon"
"427","Lk_36010","Lower Ugashik Lake",57.499,-156.861,0,"","",NA,2,"",190303,"Bristol Bay"
"428","Lk_360239","Lake Todatonten",66.158,-152.956,0,"","",NA,2,"",190803,"Yukon"
"429","Lk_36278","<Unknown/Unnamed>",66.095,-165.522,0,"","",NA,2,"",190604,"North Slope"
"430","Lk_36556","Stream off Innoko River",63.64,-158.033,0,"","",NA,2,"",190803,"Yukon"
"431","Lk_36723","Naknek Lake",58.626,-155.927,0,"Stlk_51","NAKNEK",999,1,"",190303,"Bristol Bay"
"432","Lk_36727","Becharof Lake",57.932,-156.481,0,"","",NA,2,"",190303,"Bristol Bay"
"433","Lk_370590","<Unknown/Unnamed>",64.848,-154.714,0,"","",NA,2,"",190803,"Yukon"
"434","Lk_395632","<Unknown/Unnamed>",67.969,-155.444,0,"","",NA,2,"",190604,"North Slope"
"435","Lk_395634","<Unknown/Unnamed>",67.96,-155.131,0,"","",NA,2,"",190604,"North Slope"
"436","Lk_395657","<Unknown/Unnamed>",67.909,-155.052,0,"","",NA,2,"",190803,"Yukon"
"437","Lk_395659","<Unknown/Unnamed>",67.896,-155.085,0,"","",NA,2,"",190803,"Yukon"
"438","Lk_395787","<Unknown/Unnamed>",68.005,-155.675,0,"","",NA,2,"",190604,"North Slope"
"439","Lk_396619","<Unknown/Unnamed>",68.172,-156.03,0,"","",NA,2,"",190604,"North Slope"
"440","Lk_396675","Etivlik Lake",68.116,-156.065,0,"","",NA,2,"",190604,"North Slope"
"441","Lk_396690","Kikitaliorak Lake",68.125,-156.24,0,"","",NA,2,"",190604,"North Slope"
"442","Lk_396709","Near Inyorurak Lakes",68.116,-156.165,0,"","",NA,2,"",190604,"North Slope"
"443","Lk_397794","Nigtun Lake",68.221,-156.881,0,"","",NA,2,"",190604,"North Slope"
"444","Lk_399655","Nullaq Lake",68.789,-160.004,0,"","",NA,2,"",190604,"North Slope"
"445","Lk_401694","<Unknown/Unnamed>",65.413,-144.164,0,"","",NA,2,"",190803,"Yukon"
"446","Lk_401734","Ninemile Lake",65.734,-144.112,0,"","",NA,2,"",190803,"Yukon"
"447","Lk_402689","Monte Lake",63.506,-144.085,0,"","",NA,2,"",190803,"Yukon"
"448","Lk_403226","Twelvemile Lake",63.859,-144.683,0,"","",NA,2,"",190803,"Yukon"
"449","Lk_404096","<Unknown/Unnamed>",64.964,-148.881,0,"","",NA,2,"",190803,"Yukon"
"450","Lk_404251","Minto Lakes",64.905,-148.771,0,"","",NA,2,"",190803,"Yukon"
"451","Lk_404262","Minto Lakes",64.9,-148.816,0,"","",NA,2,"",190803,"Yukon"
"452","Lk_404309","<Unknown/Unnamed>",64.917,-148.866,0,"","",NA,2,"",190803,"Yukon"
"453","Lk_404324","<Unknown/Unnamed>",64.906,-148.876,0,"","",NA,2,"",190803,"Yukon"
"454","Lk_404341","Beaver Dam Lake",64.903,-148.984,0,"","",NA,2,"",190803,"Yukon"
"455","Lk_404406","Minto Lakes",64.881,-148.805,0,"","",NA,2,"",190803,"Yukon"
"456","Lk_404446","Wooden Canoe Lake",64.863,-148.975,0,"","",NA,2,"",190803,"Yukon"
"457","Lk_404765","<Unknown/Unnamed>",64.973,-149.03,0,"","",NA,2,"",190803,"Yukon"
"458","Lk_405504","<Unknown/Unnamed>",65.184,-149.353,0,"","",NA,2,"",190803,"Yukon"
"459","Lk_405966","Cod Lake",65.093,-149.019,0,"","",NA,2,"",190803,"Yukon"
"460","Lk_406415","Deadman Lake",64.843,-149.955,0,"","",NA,2,"",190803,"Yukon"
"461","Lk_406714","<Unknown/Unnamed>",64.735,-150.282,0,"","",NA,2,"",190803,"Yukon"
"462","Lk_406775","Geskakmina Lake",64.648,-150.308,0,"","",NA,2,"",190803,"Yukon"
"463","Lk_408202","Wilderness Lake",64.551,-151.145,0,"","",NA,2,"",190803,"Yukon"
"464","Lk_408761","<Unknown/Unnamed>",64.763,-151.196,0,"","",NA,2,"",190803,"Yukon"
"465","Lk_408818","Fish Lake",65.084,-151.341,0,"","",NA,2,"",190803,"Yukon"
"466","Lk_409220","<Unknown/Unnamed>",64.596,-151.541,0,"","",NA,2,"",190803,"Yukon"
"467","Lk_413542","Alexander Lake",64.741,-156.88,0,"Stlk_30","GALENA",999,1,"",190803,"Yukon"
"468","Lk_415556","<Unknown/Unnamed>",64.449,-157.838,0,"","",NA,2,"",190803,"Yukon"
"469","Lk_417038","<Unknown/Unnamed>",64.618,-157.595,0,"","",NA,2,"",190803,"Yukon"
"470","Lk_421329","<Unknown/Unnamed>",66.023,-144.693,0,"","",NA,2,"",190803,"Yukon"
"471","Lk_424455","Canvasback Lake",66.389,-146.356,0,"","",NA,2,"",190803,"Yukon"
"472","Lk_425402","<Unknown/Unnamed>",66.122,-146.661,0,"","",NA,2,"",190803,"Yukon"
"473","Lk_429299","Takahula Lake",67.347,-153.653,0,"","",NA,2,"",190803,"Yukon"
"474","Lk_429571","Norutak Lake",66.788,-154.296,0,"","",NA,2,"",190604,"North Slope"
"475","Lk_430724","Lake Minakokosa",66.928,-155.023,0,"","",NA,2,"",190604,"North Slope"
"476","Lk_431723","Narvak Lake",66.963,-155.617,0,"","",NA,2,"",190604,"North Slope"
"477","Lk_431755","Lake Selby",66.874,-155.661,0,"","",NA,2,"",190604,"North Slope"
"478","Lk_432227","Kollioksak Lake",66.988,-156.449,0,"","",NA,2,"",190604,"North Slope"
"479","Lk_435570","Tommy Lake",66.302,-142.55,0,"","",NA,2,"",190803,"Yukon"
"480","Lk_438939","<Unknown/Unnamed>",66.442,-144.384,0,"","",NA,2,"",190803,"Yukon"
"481","Lk_442035","<Unknown/Unnamed>",66.292,-148.136,0,"","",NA,2,"",190803,"Yukon"
"482","Lk_447317","Huntington Slough",65.816,-156.315,0,"","",NA,2,"",190803,"Yukon"
"483","Lk_453341","Puntilla Lake",62.086,-152.728,0,"","",NA,2,"",190205,"Cook Inlet"
"484","Lk_454414","Steele Lake",62.569,-153.654,0,"","",NA,2,"",190304,"Kuskokwim"
"485","Lk_454423","Farewell Lake",62.553,-153.637,0,"","",NA,2,"",190304,"Kuskokwim"
"486","Lk_470427","Aukulak Lagoon",67.063,-163.243,0,"","",NA,2,"",190604,"North Slope"
"487","Lk_472597","Imikruk Lagoon",67.682,-164.336,0,"","",NA,2,"",190604,"North Slope"
"488","Lk_473532","<Unknown/Unnamed>",67.32,-141.293,0,"","",NA,2,"",190803,"Yukon"
"489","Lk_473723","<Unknown/Unnamed>",63.163,-149.429,0,"","",NA,2,"",190205,"Cook Inlet"
"490","Lk_473735","Pond Near Colorado Town",63.161,-149.428,0,"","",NA,2,"",190205,"Cook Inlet"
"491","Lk_473862","<Unknown/Unnamed>",63.02,-149.269,0,"","",NA,2,"",190205,"Cook Inlet"
"492","Lk_474080","<Unknown/Unnamed>",63.087,-149.519,0,"","",NA,2,"",190205,"Cook Inlet"
"493","Lk_474113","<Unknown/Unnamed>",63.06,-149.681,0,"","",NA,2,"",190205,"Cook Inlet"
"494","Lk_474363","Spink Lake",62.78,-150.239,0,"","",NA,2,"",190205,"Cook Inlet"
"495","Lk_474525","Bunco Lake",62.536,-150.512,0,"","",NA,2,"",190205,"Cook Inlet"
"496","Lk_474800","Jake Lake",62.344,-150.693,0,"","",NA,2,"",190205,"Cook Inlet"
"497","Lk_487503","Harding Lake",64.421,-146.858,0,"","",NA,2,"",190803,"Yukon"
"498","Lk_487509","Birch Lake",64.316,-146.662,0,"","",NA,2,"",190803,"Yukon"
"499","Lk_487788","Houston Lake",61.631,-149.949,0,"","",NA,2,"",190205,"Cook Inlet"
"500","Lk_487801","Visnaw Lake",61.618,-149.679,0,"Stlk_80","WASILLA",691,1,"",190204,"Knik Arm"
"501","Lk_487806","Seymour Lake",61.61,-149.667,0,"Stlk_79","WASILLA",678,1,"also known as Herning Lake or similar",190204,"Knik Arm"
"502","Lk_487823","West Beaver Lake",61.585,-149.843,0,"","",NA,2,"",190204,"Knik Arm"
"503","Lk_487826","Big Beaver Lake",61.583,-149.829,0,"","",NA,2,"",190204,"Knik Arm"
"504","Lk_487830","West Lake",61.573,-149.951,0,"","",NA,2,"",190205,"Cook Inlet"
"505","Lk_487832","Horseshoe Lake",61.568,-149.927,0,"","",NA,2,"",190205,"Cook Inlet"
"506","Lk_488003","Twelvemile Lake",61.771,-149.721,0,"","",NA,2,"",190205,"Cook Inlet"
"507","Lk_488170","<Unknown/Unnamed>",61.324,-150.299,0,"","",NA,2,"",190205,"Cook Inlet"
"508","Lk_488178","Twin Island Lake",61.314,-150.015,0,"Stlk_59","POINT MACKENZIE",999,1,"",190204,"Knik Arm"
"509","Lk_488184","<Unknown/Unnamed>",61.306,-150.018,0,"","",NA,2,"",190204,"Knik Arm"
"510","Lk_488207","Long Lake",61.728,-150.089,0,"Stlk_49","WILLOW",709,1,"",190205,"Cook Inlet"
"511","Lk_488213","Jack Lake",61.73,-150.03,0,"","",NA,2,"",190205,"Cook Inlet"
"512","Lk_488226","Honeybee Lake",61.712,-150.055,0,"","",NA,2,"",190205,"Cook Inlet"
"513","Lk_488309","Frazer Lake",61.654,-150.053,0,"","",NA,2,"",190205,"Cook Inlet"
"514","Lk_488333","Red Shirt Lake",61.603,-150.182,0,"Stlk_82","WILLLOW",999,2,"",190205,"Cook Inlet"
"515","Lk_488375","Heart Lake",61.605,-150.11,0,"","",NA,2,"",190205,"Cook Inlet"
"516","Lk_488392","Butterfly Lake",61.592,-150.131,0,"","",NA,2,"",190205,"Cook Inlet"
"517","Lk_488432","East Papoose Lake",61.535,-150.071,0,"","",NA,2,"",190205,"Cook Inlet"
"518","Lk_488437","West Papoose Lake",61.535,-150.093,0,"","",NA,2,"",190205,"Cook Inlet"
"519","Lk_488460","Hock Lake",61.524,-150.188,0,"","",NA,2,"",190205,"Cook Inlet"
"520","Lk_488471","Crooked Lake",61.519,-150.032,0,"","",NA,2,"",190205,"Cook Inlet"
"521","Lk_488540","Kashwitna Lake",61.833,-150.077,0,"","",NA,2,"",190205,"Cook Inlet"
"522","Lk_488687","Rockys Lakes",62.161,-150.247,0,"","",NA,2,"",190205,"Cook Inlet"
"523","Lk_488858","Figure Eight Lake",61.301,-150.45,0,"","",NA,2,"",190205,"Cook Inlet"
"524","Lk_488883","<Unknown/Unnamed>",61.303,-150.416,0,"","",NA,2,"",190205,"Cook Inlet"
"525","Lk_488993","<Unknown/Unnamed>",61.667,-150.423,0,"","",NA,2,"",190205,"Cook Inlet"
"526","Lk_489015","Otter Lake",61.584,-150.622,0,"","",NA,2,"",190205,"Cook Inlet"
"527","Lk_489022","<Unknown/Unnamed>",61.558,-150.677,0,"","",NA,2,"",190205,"Cook Inlet"
"528","Lk_489183","Lockwood Lake",61.756,-150.572,0,"","",NA,2,"",190205,"Cook Inlet"
"529","Lk_489427","Shulin Lake",62.134,-150.865,0,"","",NA,2,"",190205,"Cook Inlet"
"530","Lk_489559","Quiet Lake",62.112,-150.923,0,"","",NA,2,"",190205,"Cook Inlet"
"531","Lk_490064","Bulchitna Lake",61.935,-150.928,0,"","",NA,2,"",190205,"Cook Inlet"
"532","Lk_490242","<Unknown/Unnamed>",61.824,-151.043,0,"","",NA,2,"",190205,"Cook Inlet"
"533","Lk_490324","Alexander Lake",61.739,-150.882,1,"","",NA,2,"",190205,"Cook Inlet"
"534","Lk_490371","Hewitt Creek Lake",61.941,-151.437,0,"","",NA,2,"",190205,"Cook Inlet"
"535","Lk_490509","Eightmile Lake",61.845,-151.143,0,"","",NA,2,"",190205,"Cook Inlet"
"536","Lk_490560","Sevenmile Lake",61.825,-151.221,0,"","",NA,2,"",190205,"Cook Inlet"
"537","Lk_497745","<Unknown/Unnamed>",68.809,-145.838,0,"","",NA,2,"",190604,"North Slope"
"538","Lk_497770","Porcupine Lake",68.786,-146.457,0,"","",NA,2,"",190604,"North Slope"
"539","Lk_497797","<Unknown/Unnamed>",68.284,-147.431,0,"","",NA,2,"",190803,"Yukon"
"540","Lk_497803","<Unknown/Unnamed>",68.259,-147.387,0,"","",NA,2,"",190803,"Yukon"
"541","Lk_504334","Galbraith Lake",68.448,-149.413,0,"","",NA,2,"",190604,"North Slope"
"542","Lk_504391","Itkillik Lake",68.397,-149.915,0,"","",NA,2,"",190604,"North Slope"
"543","Lk_504755","Toolik Lake",68.628,-149.602,0,"","",NA,2,"",190604,"North Slope"
"544","Lk_507977","Lake Peters",69.317,-145.035,0,"","",NA,2,"",190604,"North Slope"
"545","Lk_509113","Eyak Lake",60.542,-145.732,1,"Stlk_18","CORDOVA",999,1,"",190104,"Gulf"
"546","Lk_509363","<Unknown/Unnamed>",60.415,-146.23,0,"","",NA,2,"",190104,"Gulf"
"547","Lk_510641","<Unknown/Unnamed>",61.048,-147.5,0,"","",NA,2,"",190104,"Gulf"
"548","Lk_510818","Esther Lake",60.824,-148.09,0,"","",NA,2,"",190104,"Gulf"
"549","Lk_512390","<Unknown/Unnamed>",65.289,-156.216,0,"","",NA,2,"",190803,"Yukon"
"550","Lk_529476","Kijik Lake",60.288,-154.346,0,"","",NA,2,"",190303,"Bristol Bay"
"551","Lk_531398","Pike Lake",59.758,-154.927,0,"Stlk_38","ILIAMNA",999,1,"",190303,"Bristol Bay"
"552","Lk_531484","Long Lake",60.142,-155.037,0,"","",NA,2,"",190303,"Bristol Bay"
"553","Lk_532501","<Unknown/Unnamed>",59.808,-155.353,0,"","",NA,2,"",190303,"Bristol Bay"
"554","Lk_533045","Nikabuna",60.095,-155.426,0,"","",NA,2,"",190303,"Bristol Bay"
"555","Lk_537199","Blair Lakes",64.356,-147.382,0,"","",NA,2,"",190803,"Yukon"
"556","Lk_54372","<Unknown/Unnamed>",66.78,-162.293,0,"","",NA,2,"",190604,"North Slope"
"557","Lk_54580","Kotzebue Ariport Lake",66.89,-162.568,0,"Stlk_45","KOTZEBUE",999,1,"also known as Isaac Lake",190604,"North Slope"
"558","Lk_557679","<Unknown/Unnamed>",69.831,-152.431,0,"","",NA,2,"",190604,"North Slope"
"559","Lk_568664","<Unknown/Unnamed>",70.061,-153.476,0,"","",NA,2,"",190604,"North Slope"
"560","Lk_570878","Midimber Lake",60.065,-143.333,0,"","",NA,2,"",190104,"Gulf"
"561","Lk_571658","Stump Lake",59.877,-147.463,0,"","",NA,2,"",190104,"Gulf"
"562","Lk_571739","<Unknown/Unnamed>",60.336,-147.713,0,"","",NA,2,"",190104,"Gulf"
"563","Lk_572579","<Unknown/Unnamed>",60.484,-148.441,0,"","",NA,2,"",190104,"Gulf"
"564","Lk_572635","Ewan Lake",60.407,-148.183,0,"","",NA,2,"",190104,"Gulf"
"565","Lk_572977","Lake Shrode",60.652,-148.327,0,"","",NA,2,"",190104,"Gulf"
"566","Lk_573013","Cheimoviski Lake",60.545,-148.137,0,"","",NA,2,"",190104,"Gulf"
"567","Lk_573046","Little Johnstone Lake",59.946,-148.663,0,"","",NA,2,"",190104,"Gulf"
"568","Lk_573170","Bear Lake",59.898,-149.585,0,"","",NA,2,"",190104,"Gulf"
"569","Lk_573307","<Unknown/Unnamed>",59.456,-150.723,0,"","",NA,2,"",190104,"Gulf"
"570","Lk_573399","Petrof Glacier Lake",59.38,-150.821,0,"","",NA,2,"",190104,"Gulf"
"571","Lk_573429","Bradley Lake",59.737,-150.774,0,"","",NA,2,"",190205,"Cook Inlet"
"572","Lk_573499","Humpy Creek Lake",59.626,-151.067,0,"","",NA,2,"",190205,"Cook Inlet"
"573","Lk_573663","<Unknown/Unnamed>",59.485,-151.233,0,"","",NA,2,"",190205,"Cook Inlet"
"574","Lk_575591","<Unknown/Unnamed>",62.579,-147.028,0,"","",NA,2,"",190205,"Cook Inlet"
"575","Lk_576924","Clarence Lake",62.678,-147.822,0,"","",NA,2,"",190205,"Cook Inlet"
"576","Lk_578993","Ruth Lake",57.581,-156.119,0,"","",NA,2,"",190303,"Bristol Bay"
"577","Lk_57955","<Unknown/Unnamed>",66.424,-159.285,0,"","",NA,2,"",190604,"North Slope"
"578","Lk_586686","<Unknown/Unnamed>",58.468,-156.697,0,"","",NA,2,"",190303,"Bristol Bay"
"579","Lk_599073","<Unknown/Unnamed>",67.669,-155.42,0,"","",NA,2,"",190604,"North Slope"
"580","Lk_599160","Lake Omelaktavik",67.66,-155.562,0,"","",NA,2,"",190604,"North Slope"
"581","Lk_599241","Lake Matcharak",67.743,-156.199,0,"","",NA,2,"",190604,"North Slope"
"582","Lk_599305","<Unknown/Unnamed>",67.894,-156.892,0,"","",NA,2,"",190604,"North Slope"
"583","Lk_599346","<Unknown/Unnamed>",67.871,-156.641,0,"","",NA,2,"",190604,"North Slope"
"584","Lk_599697","<Unknown/Unnamed>",67.935,-157.706,0,"","",NA,2,"",190604,"North Slope"
"585","Lk_604830","Anaktuvuk River",68.118,-151.1,0,"","",NA,2,"",190604,"North Slope"
"586","Lk_60528","<Unknown/Unnamed>",66.561,-158.996,0,"","",NA,2,"",190604,"North Slope"
"587","Lk_60761","<Unknown/Unnamed>",66.517,-159.314,0,"","",NA,2,"",190604,"North Slope"
"588","Lk_613493","Finger Lake",61.984,-152.078,0,"Stlk_56","PALMER",437,1,"",190205,"Cook Inlet"
"589","Lk_614627","Shell Lake",61.951,-151.54,0,"","",NA,2,"",190205,"Cook Inlet"
"590","Lk_614855","<Unknown/Unnamed>",62.22,-151.569,0,"","",NA,2,"",190205,"Cook Inlet"
"591","Lk_616284","<Unknown/Unnamed>",62.145,-151.056,0,"","",NA,2,"",190205,"Cook Inlet"
"592","Lk_6233","Flat Horn Lake",61.458,-150.408,0,"","",NA,2,"",190205,"Cook Inlet"
"593","Lk_62491","<Unknown/Unnamed>",66.411,-160.041,0,"","",NA,2,"",190604,"North Slope"
"594","Lk_650948","<Unknown/Unnamed>",60.948,-154.067,0,"","",NA,2,"",190304,"Kuskokwim"
"595","Lk_651044","Turquoise Lake",60.79,-153.922,0,"","",NA,2,"",190303,"Bristol Bay"
"596","Lk_653781","<Unknown/Unnamed>",59.665,-156.102,0,"","",NA,2,"",190303,"Bristol Bay"
"597","Lk_6560","Wonder Lake",63.477,-150.877,0,"","",NA,2,"",190803,"Yukon"
"598","Lk_656136","<Unknown/Unnamed>",69.993,-151.443,0,"","",NA,2,"",190604,"North Slope"
"599","Lk_657286","<Unknown/Unnamed>",68.161,-150.225,0,"","",NA,2,"",190604,"North Slope"
"600","Lk_657297","<Unknown/Unnamed>",68.072,-150.463,0,"","",NA,2,"",190803,"Yukon"
"601","Lk_657504","Shainin Lake",68.336,-151.055,0,"","",NA,2,"",190604,"North Slope"
"602","Lk_658199","Eleanor Lake",68.147,-151.713,0,"","",NA,2,"",190604,"North Slope"
"603","Lk_662559","<Unknown/Unnamed>",65.006,-148.893,0,"","",NA,2,"",190803,"Yukon"
"604","Lk_663227","<Unknown/Unnamed>",67.118,-152.519,0,"","",NA,2,"",190803,"Yukon"
"605","Lk_663879","Iniakuk Lake",67.117,-153.198,0,"","",NA,2,"",190803,"Yukon"
"606","Lk_666940","Carden Lake",62.278,-141.189,0,"","",NA,2,"",190803,"Yukon"
"607","Lk_667375","<Unknown/Unnamed>",62.51,-141.25,0,"","",NA,2,"",190803,"Yukon"
"608","Lk_669457","<Unknown/Unnamed>",62.648,-141.621,0,"","",NA,2,"",190803,"Yukon"
"609","Lk_670336","Yarger Lake",62.958,-141.639,0,"Stlk_73","TOK",999,1,"",190803,"Yukon"
"610","Lk_673425","Pickerel Lakes",62.53,-142.393,0,"","",NA,2,"",190803,"Yukon"
"611","Lk_67364","<Unknown/Unnamed>",67.96,-154.878,0,"","",NA,2,"",190604,"North Slope"
"612","Lk_67379","<Unknown/Unnamed>",68.238,-155.164,0,"","",NA,2,"",190604,"North Slope"
"613","Lk_674549","Tanada Lake",62.421,-143.377,0,"","",NA,2,"",190104,"Gulf"
"614","Lk_674886","Jack Lake",62.515,-143.284,0,"","",NA,2,"",190803,"Yukon"
"615","Lk_676046","Fog Lake",59.523,-154.375,0,"","",NA,2,"",190303,"Bristol Bay"
"616","Lk_676307","Pike Lakes",59.51,-154.515,0,"","",NA,2,"",190303,"Bristol Bay"
"617","Lk_678625","Hammersly Lake",58.87,-155.159,0,"","",NA,2,"",190303,"Bristol Bay"
"618","Lk_684618","<Unknown/Unnamed>",58.863,-156.289,0,"","",NA,2,"",190303,"Bristol Bay"
"619","Lk_685195","<Unknown/Unnamed>",59.174,-156.047,0,"","",NA,2,"",190303,"Bristol Bay"
"620","Lk_686770","<Unknown/Unnamed>",59.273,-156.24,0,"","",NA,2,"",190303,"Bristol Bay"
"621","Lk_68723","Natat Lake",67.877,-153.28,0,"","",NA,2,"",190803,"Yukon"
"622","Lk_692430","Aliktongnak Lake",67.397,-162.704,0,"","",NA,2,"",190604,"North Slope"
"623","Lk_692661","Sevisok Slough Area",67.321,-162.831,0,"","",NA,2,"",190604,"North Slope"
"624","Lk_69336","Lake Tulilik",68.115,-154.117,0,"","",NA,2,"",190604,"North Slope"
"625","Lk_69552","<Unknown/Unnamed>",68.392,-154.057,0,"","",NA,2,"",190604,"North Slope"
"626","Lk_701197","Fairbanks International Airport Floatpond",64.819,-147.848,0,"Stlk_25","FAIRBANKS",999,1,"",190803,"Yukon"
"627","Lk_701216","Chena Marina Airport",64.811,-147.923,0,"Stlk_24","FAIRBANKS",999,1,"",190803,"Yukon"
"628","Lk_701230","Pond In Fort Wainwright",64.81,-147.685,0,"","",NA,2,"",190803,"Yukon"
"629","Lk_701235","Pond In Fort Wainwright",64.812,-147.673,0,"","",NA,2,"",190803,"Yukon"
"630","Lk_702032","Fielding Lake",63.18,-145.65,0,"","",NA,2,"",190803,"Yukon"
"631","Lk_703560","Quartz Lake",64.211,-145.838,0,"","",NA,2,"",190803,"Yukon"
"632","Lk_704115","Dickey Lake",62.928,-146.106,0,"","",NA,2,"",190104,"Gulf"
"633","Lk_705282","Sevenmile Lake",63.182,-146.273,0,"","",NA,2,"",190205,"Cook Inlet"
"634","Lk_705706","Tangle Lakes",63.039,-146.051,0,"","",NA,2,"",190803,"Yukon"
"635","Lk_707342","Rainbow Lake",64.132,-146.108,0,"","",NA,2,"",190803,"Yukon"
"636","Lk_707461","<Unknown/Unnamed>",64.011,-146.215,0,"","",NA,2,"",190803,"Yukon"
"637","Lk_707835","Koole Lake",64.199,-146.587,0,"","",NA,2,"",190803,"Yukon"
"638","Lk_70922","<Unknown/Unnamed>",63.865,-149.608,0,"","",NA,2,"",190803,"Yukon"
"639","Lk_71043","<Unknown/Unnamed>",64.353,-149.981,0,"","",NA,2,"",190803,"Yukon"
"640","Lk_71093","Wien Lake",64.377,-151.276,0,"","",NA,2,"",190803,"Yukon"
"641","Lk_73009","Lake Minchumina",63.923,-152.183,0,"","",NA,2,"",190803,"Yukon"
"642","Lk_7310","Kotlik Lagoon",67.384,-163.803,0,"","",NA,2,"",190604,"North Slope"
"643","Lk_732077","<Unknown/Unnamed>",67.446,-150.85,0,"","",NA,2,"",190803,"Yukon"
"644","Lk_733321","Pamichtuk Lake",67.765,-152.237,0,"","",NA,2,"",190803,"Yukon"
"645","Lk_73909","Lake Snohomish",63.753,-152.498,0,"","",NA,2,"",190803,"Yukon"
"646","Lk_74081","<Unknown/Unnamed>",64.667,-150.176,0,"","",NA,2,"",190803,"Yukon"
"647","Lk_74153","<Unknown/Unnamed>",64.595,-150.338,0,"","",NA,2,"",190803,"Yukon"
"648","Lk_74233","<Unknown/Unnamed>",64.519,-150.431,0,"","",NA,2,"",190803,"Yukon"
"649","Lk_74271","West Twin Lake",64.442,-150.821,0,"","",NA,2,"",190803,"Yukon"
"650","Lk_74277","East Twin Lake",64.429,-150.644,0,"","",NA,2,"",190803,"Yukon"
"651","Lk_750960","<Unknown/Unnamed>",63.522,-158.071,0,"","",NA,2,"",190803,"Yukon"
"652","Lk_755943","Border Lake",60.191,-151.209,0,"","",NA,2,"",190205,"Cook Inlet"
"653","Lk_756557","<Unknown/Unnamed>",60.345,-159.905,0,"","",NA,2,"",190304,"Kuskokwim"
"654","Lk_757222","Whitefish Lake",61.385,-159.959,0,"","",NA,2,"",190304,"Kuskokwim"
"655","Lk_757618","Eek Lake",60.224,-160.324,0,"","",NA,2,"",190304,"Kuskokwim"
"656","Lk_76236","Mucha Lake",64.211,-150.902,0,"","",NA,2,"",190803,"Yukon"
"657","Lk_76599","Alma Lakes",64.02,-150.598,0,"","",NA,2,"",190803,"Yukon"
"658","Lk_767946","<Unknown/Unnamed>",61.002,-160.652,0,"","",NA,2,"",190304,"Kuskokwim"
"659","Lk_76800","Chilchukabena Lake",63.92,-151.5,0,"","",NA,2,"",190803,"Yukon"
"660","Lk_76875","<Unknown/Unnamed>",64.223,-151.2,0,"","",NA,2,"",190803,"Yukon"
"661","Lk_76896","Square Lake",64.185,-151.214,0,"","",NA,2,"",190803,"Yukon"
"662","Lk_76920","<Unknown/Unnamed>",64.142,-151.443,0,"","",NA,2,"",190803,"Yukon"
"663","Lk_77001","John Hansen Lake",64.028,-151.157,0,"","",NA,2,"",190803,"Yukon"
"664","Lk_78279","<Unknown/Unnamed>",63.552,-151.829,0,"","",NA,2,"",190803,"Yukon"
"665","Lk_79229","Carlson Lake",63.809,-151.913,0,"","",NA,2,"",190803,"Yukon"
"666","Lk_79535","<Unknown/Unnamed>",58.184,-152.141,0,"","",NA,2,"",190207,"Kodiak"
"667","Lk_80224","Laura Lake",58.35,-152.303,0,"","",NA,2,"",190207,"Kodiak"
"668","Lk_80320","Barry Lagoon",57.452,-152.336,0,"","",NA,2,"",190207,"Kodiak"
"669","Lk_80325","Twin Lakes",57.428,-152.349,0,"","",NA,2,"",190207,"Kodiak"
"670","Lk_80644","Lilly Lake",57.802,-152.382,0,"Stlk_42","KODIAK",327,1,"",190207,"Kodiak"
"671","Lk_80676","Lake Catherine",57.767,-152.497,0,"","",NA,2,"",190207,"Kodiak"
"672","Lk_80979","Big Kitoi Lake",58.18,-152.393,0,"","",NA,2,"",190207,"Kodiak"
"673","Lk_815653","Hangar Lake",60.804,-161.726,0,"Stlk_6","BETHEL",62,1,"",190304,"Kuskokwim"
"674","Lk_822481","Unnamed Pond In Napakiak",60.686,-162.136,0,"","",NA,2,"",190304,"Kuskokwim"
"675","Lk_82929","<Unknown/Unnamed>",57.538,-152.766,0,"","",NA,2,"",190207,"Kodiak"
"676","Lk_83097","<Unknown/Unnamed>",57.814,-152.952,0,"","",NA,2,"",190207,"Kodiak"
"677","Lk_83133","<Unknown/Unnamed>",58.197,-152.85,0,"","",NA,2,"",190207,"Kodiak"
"678","Lk_83199","Afognak Lake",58.098,-152.881,0,"","",NA,2,"",190207,"Kodiak"
"679","Lk_833285","Kayigyalik Lake",61.048,-162.551,0,"","",NA,2,"",190304,"Kuskokwim"
"680","Lk_83650","<Unknown/Unnamed>",57.456,-153.141,0,"","",NA,2,"",190207,"Kodiak"
"681","Lk_83658","<Unknown/Unnamed>",57.455,-153.045,0,"","",NA,2,"",190207,"Kodiak"
"682","Lk_83874","Uganik Lake",57.653,-153.305,0,"","",NA,2,"",190207,"Kodiak"
"683","Lk_83885","Terror Lake",57.63,-153.018,0,"","",NA,2,"",190207,"Kodiak"
"684","Lk_84174","<Unknown/Unnamed>",57.769,-153.28,0,"","",NA,2,"",190207,"Kodiak"
"685","Lk_84201","Lower Malina Lake",58.159,-153.141,0,"","",NA,2,"",190207,"Kodiak"
"686","Lk_84202","Upper Malina Lake",58.157,-153.091,0,"","",NA,2,"",190207,"Kodiak"
"687","Lk_84311","<Unknown/Unnamed>",57.123,-153.631,0,"","",NA,2,"",190207,"Kodiak"
"688","Lk_84417","<Unknown/Unnamed>",57.317,-153.396,0,"","",NA,2,"",190207,"Kodiak"
"689","Lk_84443","Spiridon Lake",57.735,-153.688,0,"","",NA,2,"",190207,"Kodiak"
"690","Lk_84599","Little River Lake",57.769,-153.651,0,"","",NA,2,"",190207,"Kodiak"
"691","Lk_84892","<Unknown/Unnamed>",56.821,-153.866,0,"","",NA,2,"",190207,"Kodiak"
"692","Lk_85063","<Unknown/Unnamed>",56.945,-153.765,0,"","",NA,2,"",190207,"Kodiak"
"693","Lk_85110","O'Malley Lake",57.251,-153.966,0,"","",NA,2,"",190207,"Kodiak"
"694","Lk_85197","Horse Marine Lake",57.121,-153.919,0,"","",NA,2,"",190207,"Kodiak"
"695","Lk_85240","<Unknown/Unnamed>",57.018,-153.925,0,"","",NA,2,"",190207,"Kodiak"
"696","Lk_85296","Karluk Lake",57.366,-154.027,0,"","",NA,2,"",190207,"Kodiak"
"697","Lk_85935","Red Lake",57.251,-154.306,0,"","",NA,2,"",190207,"Kodiak"
"698","Lk_85936","Frazer Lake",57.251,-154.135,0,"","",NA,2,"",190207,"Kodiak"
"699","Lk_85996","South Olga Lakes",57.064,-154.199,0,"","",NA,2,"",190207,"Kodiak"
"700","Lk_86000","South Olga Lakes",57.053,-154.286,0,"","",NA,2,"",190207,"Kodiak"
"701","Lk_86070","Akalura Lake",57.189,-154.219,0,"","",NA,2,"",190207,"Kodiak"
"702","Lk_88537","<Unknown/Unnamed>",57.313,-154.607,0,"","",NA,2,"",190207,"Kodiak"
"703","Lk_902129","<Unknown/Unnamed>",68.107,-146.16,0,"","",NA,2,"",190803,"Yukon"
"704","Lk_902719","<Unknown/Unnamed>",67.885,-146.407,0,"","",NA,2,"",190803,"Yukon"
"705","Lk_903173","<Unknown/Unnamed>",68.016,-146.922,0,"","",NA,2,"",190803,"Yukon"
"706","Lk_903231","<Unknown/Unnamed>",68.411,-146.715,0,"","",NA,2,"",190803,"Yukon"
"707","Lk_903293","<Unknown/Unnamed>",68.301,-146.453,0,"","",NA,2,"",190803,"Yukon"
"708","Lk_904275","<Unknown/Unnamed>",65.62,-156.922,0,"","",NA,2,"",190803,"Yukon"
"709","Lk_904716","Tachanlowa Lake",65.5,-157.219,0,"","",NA,2,"",190803,"Yukon"
"710","Lk_90521","Portage Lake",58.277,-152.425,0,"","",NA,2,"",190207,"Kodiak"
"711","Lk_905679","Hadokhten Lake",65.684,-155.667,0,"","",NA,2,"",190803,"Yukon"
"712","Lk_910436","Lake Tokhakklanten",66.204,-154.669,0,"","",NA,2,"",190803,"Yukon"
"713","Lk_911202","Twin Lakes",66.323,-154.593,0,"","",NA,2,"",190803,"Yukon"
"714","Lk_91295","<Unknown/Unnamed>",63.899,-143.046,0,"","",NA,2,"",190803,"Yukon"
"715","Lk_92956","Kaguyak Crater",58.609,-154.053,0,"","",NA,2,"",190207,"Kodiak"
"716","Lk_93082","<Unknown/Unnamed>",57.867,-155.17,0,"","",NA,2,"",190207,"Kodiak"
"717","Lk_93853","Surprise Lake",56.923,-158.098,0,"","",NA,2,"",190207,"Kodiak"
"718","Lk_94199","<Unknown/Unnamed>",58.406,-154.174,0,"","",NA,2,"",190207,"Kodiak"
"719","Lk_94327","Dakavak Lake",58.087,-154.681,0,"","",NA,2,"",190207,"Kodiak"
"720","Lk_95409","Black Lake",56.456,-158.974,0,"","",NA,2,"",190207,"Kodiak"
"721","Lk_9581","Mcleod Lake",63.373,-151.09,0,"","",NA,2,"",190803,"Yukon"
"722","Lk_9871","Camel Lake",61.343,-143.092,0,"","",NA,2,"",190104,"Gulf"
"723","Lk_271","Flat Lake",61.532,-150.005,0,"Stlk_11","BIG LAKE",999,1,"",190205,"Cook Inlet"
"724","Lk_1046338","Nuyakuk River",59.928,-158.177,0,"Stlk_19","DILLINGHAM",999,1,"",190303,"Bristol Bay"
"725","Lk_200896","Fire Lake",61.353,-149.544,0,"Stlk_21","EAGLE RIVER",999,1,"",190205,"Cook Inlet"
"726","Lk_285643","Sixmile Lake",61.291,-149.809,0,"Stlk_22","ELMENDORF AFB",999,1,"",190205,"Cook Inlet"
"727","Lk_701253","Metro Field",64.807,-147.76,0,"Stlk_26","FAIRBANKS",999,1,"",190803,"Yukon"
"728","Lk_683027","Unnamed Lake 1Mile W Of Nonvianuk Lake",59.026,-155.628,0,"Stlk_27","FISHING LODGE",999,1,"",190303,"Bristol Bay"
"729","Lk_27864","Meiers Lake",62.819,-145.497,0,"Stlk_28","GAKONA",999,1,"",190104,"Gulf"
"730","Lk_304356","Otto Lake",63.841,-149.038,0,"Stlk_33","HEALY",999,1,"",190803,"Yukon"
"731","Lk_487810","Morvro Lake",61.601,-149.786,0,"Stlk_35","HOUSTON",264,1,"",190205,"Cook Inlet"
"732","Lk_487802","Prator Lake",61.621,-149.733,0,"Stlk_36","HOUSTON",999,1,"",190205,"Cook Inlet"
"733","Lk_701051","Unnamed Lake",64.766,-147.334,0,"Stlk_55","NORTH POLE",999,1,"",190803,"Yukon"
"734","Lk_163842","Grizzly Lake",62.71,-144.196,0,"Stlk_63","SLANA",999,1,"",190803,"Yukon"
"735","Lk_198211","Midway Lake",63.219,-142.263,0,"Stlk_72","TOK",999,1,"",190803,"Yukon"
"736","Lk_200926","June Lake",61.631,-149.569,0,"Stlk_77","WASILLA",999,1,"",190205,"Cook Inlet"
"737","Lk_200971","Lake Lucille",61.575,-149.476,0,"Stlk_78","WASILLA",662,1,"",190204,"Knik Arm"
